Michael Johnson,61,C
Emily Davis,55,C
Sarah Anderson,59,C
Andrew Miller,63,C
Isabella Rodriguez,58,C
David Harris,64,C
Victoria Young,62,C
Emma Nelson,57,C
Andrew Johnson,60,C
Christopher Davis,56,C
Emily Davis,55,C
Sarah Anderson,59,C
Isabella Rodriguez,58,C
Emma Nelson,57,C
Christopher Davis,56,C
Emily Davis,55,C
Sarah Anderson,59,C
Isabella Rodriguez,58,C
Emma Nelson,57,C
Christopher Davis,56,C
Emily Davis,55,C
Sarah Anderson,59,C
Isabella Rodriguez,58,C
Emma Nelson,57,C
Christopher Davis,56,C
Emily Davis,55,C
Sarah Anderson,59,C
Isabella Rodriguez,58,C
Emma Nelson,57,C
Christopher Davis,56,C
Emily Davis,55,C
Sarah Anderson,59,C
Isabella Rodriguez,58,C
Emma Nelson,57,C
Christopher Davis,56,C
Emily Davis,55,C
Sarah Anderson,59,C
Isabella Rodriguez,58,C
Emma Nelson,57,C
Christopher Davis,56,C
