Christopher Lee,47,D
James Hernandez,53,D
Joseph Hall,48,D
Alexis Lopez,50,D
Benjamin Allen,54,D
Olivia Phillips,46,D
Emily Scott,49,D
Alexander Mitchell,51,D
Jackson Evans,52,D
Sophia Turner,45,D
Christopher Lee,47,D
James Hernandez,53,D
Joseph Hall,48,D
Alexis Lopez,50,D
Benjamin Allen,54,D
Olivia Phillips,46,D
Emily Scott,49,D
Alexander Mitchell,51,D
Jackson Evans,52,D
Sophia Turner,45,D
Christopher Lee,47,D
James Hernandez,53,D
Joseph Hall,48,D
Alexis Lopez,50,D
Benjamin Allen,54,D
Olivia Phillips,46,D
Emily Scott,49,D
Alexander Mitchell,51,D
Jackson Evans,52,D
Sophia Turner,45,D
Christopher Lee,47,D
James Hernandez,53,D
Joseph Hall,48,D
Alexis Lopez,50,D
Benjamin Allen,54,D
Olivia Phillips,46,D
Emily Scott,49,D
Alexander Mitchell,51,D
Jackson Evans,52,D
Sophia Turner,45,D
Christopher Lee,47,D
James Hernandez,53,D
Joseph Hall,48,D
Alexis Lopez,50,D
Benjamin Allen,54,D
Olivia Phillips,46,D
Emily Scott,49,D
Alexander Mitchell,51,D
Jackson Evans,52,D
Sophia Turner,45,D
Christopher Lee,47,D
James Hernandez,53,D
Joseph Hall,48,D
Alexis Lopez,50,D
Benjamin Allen,54,D
Olivia Phillips,46,D
Emily Scott,49,D
Alexander Mitchell,51,D
Jackson Evans,52,D
Sophia Turner,45,D
Christopher Lee,47,D
James Hernandez,53,D
Joseph Hall,48,D
Alexis Lopez,50,D
Benjamin Allen,54,D
Olivia Phillips,46,D
Emily Scott,49,D
Alexander Mitchell,51,D
Jackson Evans,52,D
Sophia Turner,45,D
