Amanda Thomas,34,F
Mia Green,37,F
Andrew Scott,39,F
David Roberts,33,F
Emily Wilson,27,F
Ava Lopez,33,F
Henry Green,25,F
Andrew Brooks,38,F
Christopher Baker,37,F
Daniel Carter,35,F
Anthony Howard,31,F
David Roberts,36,F
Andrew Russell,29,F
Sophia Walker,38,F
Amanda Thomas,34,F
Mia Green,37,F
Andrew Scott,39,F
David Roberts,33,F
Emily Wilson,27,F
Ava Lopez,33,F
Henry Green,25,F
Andrew Brooks,38,F
Christopher Baker,37,F
Daniel Carter,35,F
Anthony Howard,31,F
David Roberts,36,F
Andrew Russell,29,F
Sophia Walker,38,F
Amanda Thomas,34,F
Mia Green,37,F
Andrew Scott,39,F
David Roberts,33,F
Emily Wilson,27,F
Ava Lopez,33,F
Henry Green,25,F
Andrew Brooks,38,F
Christopher Baker,37,F
Daniel Carter,35,F
Anthony Howard,31,F
David Roberts,36,F
Andrew Russell,29,F
Sophia Walker,38,F
Amanda Thomas,34,F
Mia Green,37,F
Andrew Scott,39,F
David Roberts,33,F
Emily Wilson,27,F
Ava Lopez,33,F
Henry Green,25,F
Andrew Brooks,38,F
Christopher Baker,37,F
Daniel Carter,35,F
Anthony Howard,31,F
David Roberts,36,F
Andrew Russell,29,F
Sophia Walker,38,F
Amanda Thomas,34,F
Mia Green,37,F
Andrew Scott,39,F
David Roberts,33,F
Emily Wilson,27,F
Ava Lopez,33,F
Henry Green,25,F
Andrew Brooks,38,F
Christopher Baker,37,F
Daniel Carter,35,F
Anthony Howard,31,F
David Roberts,36,F
Andrew Russell,29,F
Sophia Walker,38,F
Amanda Thomas,34,F
Mia Green,37,F
Andrew Scott,39,F
David Roberts,33,F
Emily Wilson,27,F
Ava Lopez,33,F
Henry Green,25,F
Andrew Brooks,38,F
Christopher Baker,37,F
Daniel Carter,35,F
Anthony Howard,31,F
David Roberts,36,F
Andrew Russell,29,F
Sophia Walker,38,F
Amanda Thomas,34,F
Mia Green,37,F
Andrew Scott,39,F
David Roberts,33,F
Emily Wilson,27,F
Ava Lopez,33,F
Henry Green,25,F
Andrew Brooks,38,F
Christopher Baker,37,F
Daniel Carter,35,F
Anthony Howard,31,F
David Roberts,36,F
Andrew Russell,29,F
Sophia Walker,38,F
