Robert Brown,43,E
Olivia Morris,40,E
Christopher Hill,41,E
Joshua Thomas,42,E
Robert Brown,43,E
Olivia Morris,40,E
Christopher Hill,41,E
Joshua Thomas,42,E
Robert Brown,43,E
Olivia Morris,40,E
Christopher Hill,41,E
Joshua Thomas,42,E
Robert Brown,43,E
Olivia Morris,40,E
Christopher Hill,41,E
Joshua Thomas,42,E
Robert Brown,43,E
Olivia Morris,40,E
Christopher Hill,41,E
Joshua Thomas,42,E
Robert Brown,43,E
Olivia Morris,40,E
Christopher Hill,41,E
Joshua Thomas,42,E
Robert Brown,43,E
Olivia Morris,40,E
Christopher Hill,41,E
Joshua Thomas,42,E
